<?xml version="1.0" encoding="UTF-8" ?>
<!DOCTYPE configuration
        PUBLIC "-//mybatis.org//DTD Config 3.0//EN"
        "http://mybatis.org/dtd/mybatis-3-config.dtd">
<configuration>


    <!--下划线自动映射驼峰字段-->
    <settings>
        <setting name="mapUnderscoreToCamelCase" value="true"/>

        <!--这个配置使全局的映射器(二级缓存)启用或禁用缓存，全局总开关，这里关闭，mapper中开启了也没用-->
        <setting name="cacheEnabled" value="true" />

    </settings>


    <typeAliases>

        <!--<typeAlias type="net.xdclass.online_class.domain.Video" alias="Video"/>-->
        <package name="net.xdclass.online_class.domain"/>

    </typeAliases>


    <environments default="development">
        <environment id="development">
            <transactionManager type="JDBC"/>
            <dataSource type="POOLED">
                <property name="driver" value="com.mysql.cj.jdbc.Driver"/>
                <property name="url" value="jdbc:mysql://127.0.0.1:3306/xdclass?useUnicode=true&amp;characterEncoding=utf-8&amp;useSSL=false"/>
                <property name="username" value="root"/>
                <property name="password" value="xdclass.net"/>
            </dataSource>
        </environment>
    </environments>

    <mappers>
        <mapper resource="mapper/VideoMapper.xml"/>
        <mapper resource="mapper/VideoOrderMapper.xml"/>
    </mappers>


</configuration>