<?xml version="1.0" encoding="UTF-8"?>
<beans xmlns="http://www.springframework.org/schema/beans"
       xmlns:xsi="http://www.w3.org/2001/XMLSchema-instance"
       xsi:schemaLocation="http://www.springframework.org/schema/beans
        https://www.springframework.org/schema/beans/spring-beans.xsd">

    <!--<bean id="video" class="net.xdclass.sp.domain.Video">-->

        <!--<property name="id" value="9"/>-->
        <!--<property name="title" value="Spring 5.X课程" />-->

    <!--</bean>-->


    <bean  name="video" class="net.xdclass.sp.domain.Video">

        <property name="id" value="9"/>
        <property name="title" value="Spring 5.X课程" />

    </bean>


    <!--<bean id="videoService" class="net.xdclass.sp.service.VideoService">-->

    <!--</bean>-->


</beans>